Yahoo Finance,5 hours ago,Grayscale CEO on suing the SEC: 'This lawsuit isn't about bitcoin',"Effort to Reverse SEC Rejection of Bitcoin ETF Wins Broad Crypto, TradFi SupportCoinDesk
Sustainable Bitcoin Protocol Wants to Make Bitcoin a Climate-Positive AssetCoinDesk"
Forkast News,1 hour ago,"Markets: Bitcoin, Ether fall along with rest of crypto top 10; Uniswap gains","Market Wrap: Crypto Prices Decline Slightly as Trading Volumes Continue to SagCoinDesk
First Mover Asia: Why Bridges Are So Vulnerable to Exploit; Bitcoin Falls Under $19KCoinDesk"
Business Insider,7 hours ago,US stocks snap 2-day win streak as investors digest surging bond yields ahead of more high-profile earnings,"Stocks fall as rise in yields overshadows earningsReuters Videos
GLOBAL MARKETS-U.S. stocks extend rally, Treasury yields dip after solid earnings, economic dataReuters"
Business Insider,14 hours ago,US stocks slip as rising bond yields and more inflation fears weigh on upbeat 3rd-quarter earnings,"Stocks fall as rise in yields overshadows earningsReuters Videos
GLOBAL MARKETS-U.S. stocks extend rally, Treasury yields dip after solid earnings, economic dataReuters"
Forkast News,17 hours ago,Bitcoin makes the Guinness World Records list as the first decentralized cryptocurrency,"Market Wrap: Crypto Prices Decline Slightly as Trading Volumes Continue to SagCoinDesk
First Mover Asia: Why Bridges Are So Vulnerable to Exploit; Bitcoin Falls Under $19KCoinDesk"
Forkast News,17 hours ago,"Markets: Bitcoin, Ether fall with top 10 cryptos, XRP slumps","Market Wrap: Crypto Prices Decline Slightly as Trading Volumes Continue to SagCoinDesk
First Mover Asia: Why Bridges Are So Vulnerable to Exploit; Bitcoin Falls Under $19KCoinDesk"
CoinDesk,22 hours ago,"Effort to Reverse SEC Rejection of Bitcoin ETF Wins Broad Crypto, TradFi Support","Sustainable Bitcoin Protocol Wants to Make Bitcoin a Climate-Positive AssetCoinDesk
Cryptoverse: Flurry of funds bet on bruised bitcoin's allureReuters"
Forkast News,yesterday,"Markets: Bitcoin, Ether fall as EU considers crackdown on energy-intensive crypto mining","Market Wrap: Crypto Prices Decline Slightly as Trading Volumes Continue to SagCoinDesk
First Mover Asia: Why Bridges Are So Vulnerable to Exploit; Bitcoin Falls Under $19KCoinDesk"
CoinDesk,yesterday,First Mover Americas: Bitcoin Holding Up at $19.5K Despite Bearish Conditions,"Market Wrap: Crypto Prices Decline Slightly as Trading Volumes Continue to SagCoinDesk
First Mover Asia: Why Bridges Are So Vulnerable to Exploit; Bitcoin Falls Under $19KCoinDesk"
Forkast News,2 days ago,"Markets: Bitcoin, Ether rise; Polygon, Solana lead gainers among the top 10 tokens","Is GBTC Stock A Good Buy As Bitcoin Slumps Amid Market Turmoil?Investor's Business Daily
Market Wrap: Crypto Prices Decline Slightly as Trading Volumes Continue to SagCoinDesk"
Business Insider,2 days ago,Dow soars 550 points in big relief rally as investors weigh key earnings reports,"Stocks fall as rise in yields overshadows earningsReuters Videos
GLOBAL MARKETS-U.S. stocks extend rally, Treasury yields dip after solid earnings, economic dataReuters"
Yahoo Finance Video,2 days ago,"DOJ crypto enforcement director talks dark web markets, criminal activity, and hacks","Draft of 'DeFi Killing' CFTC Bill Has Leaked—Here’s What’s In ItDecrypt Media
OSC survey explores Canadians crypto ownership and knowledgeCNW Group"
Yahoo Finance,2 days ago,Walmart CTO: 'Crypto will become an important part of how customers transact’,"Draft of 'DeFi Killing' CFTC Bill Has Leaked—Here’s What’s In ItDecrypt Media
OSC survey explores Canadians crypto ownership and knowledgeCNW Group"
Business Insider,2 days ago,US stocks jump after wild week as investors digest wave of corporate earnings reports,"4 Low-Beta Tech Stocks to Hedge Against the Volatile MarketZacks
Implied Volatility Surging for Costco Wholesale (COST) Stock OptionsZacks"
Forkast News,2 days ago,"Markets: Bitcoin inches up, most top 10 cryptos stable after rollercoaster week","JPMorgan Appoints Former Celsius Exec as Crypto Regulatory Policy Head: ReportCoinDesk
Bankrupt Crypto Lender Voyager Plans to Settle CEO, CFO Negligence Claims Related to Three Arrows LoansCoinDesk"
CoinDesk,2 days ago,Bitcoin Fails to Produce 1 Block for Over an Hour,"Market Wrap: Crypto Prices Decline Slightly as Trading Volumes Continue to SagCoinDesk
Is GBTC Stock A Good Buy As Bitcoin Slumps Amid Market Turmoil?Investor's Business Daily"
Forkast News,3 days ago,Markets: Bitcoin rises as Ether leads gains in crypto top 10,"Market Wrap: Crypto Prices Decline Slightly as Trading Volumes Continue to SagCoinDesk
First Mover Asia: Why Bridges Are So Vulnerable to Exploit; Bitcoin Falls Under $19KCoinDesk"
Business Insider,5 days ago,US stocks fall to cap off rocky week as traders weigh bank earnings and stubbornly high inflation,"GLOBAL MARKETS-U.S. stocks extend rally, Treasury yields dip after solid earnings, economic dataReuters
Equities close lower as rise in yields overshadows earningsReuters"
Barrons.com,5 days ago,Tether Says It No Longer Holds Commercial Paper. It’s a Good Sign for Stablecoins.,The issuer of the most important stablecoin said it had ditched commercial paper in its reserves in favor of Treasuries.
CoinDesk,5 days ago,Bitcoin Gaming and Payments Company ZEBEDEE Launches New Open Source Bitcoin Initiative,The initiative has already cranked out five Lightning-related projects on GitHub.
Business Insider,5 days ago,US stocks rally in volatile trading as investors digest bank earnings and a potential UK tax-cut reversal,"Why Alteryx Stock Was Gaining TodayMotley Fool
Goldman Sachs beats 3rd-quarter estimates on strong trading while CEO confirms reorganizationBusiness Insider"
Forkast News,5 days ago,Bitcoin fans pitch Satoshi Nakamoto for Nobel Prize in Economics,"Bitcoin advocates have once again launched their annual campaign to have Satoshi Nakamoto — the pseudonymous creator/s of Bitcoin — named as the recipient of the Nobel Prize in Economic Sciences. See related article: What’s next for Binance after $100 million BNB hack? Fast facts On Oct. 10, the Royal Swedish Academy of Sciences awarded […]"
Forkast News,6 days ago,Markets: Bitcoin rebounds with equities after inflation data sparks initial sell off,"Market Wrap: Crypto Prices Decline Slightly as Trading Volumes Continue to SagCoinDesk
Is GBTC Stock A Good Buy As Bitcoin Slumps Amid Market Turmoil?Investor's Business Daily"
CoinDesk,6 days ago,Crypto Trading Firm NYDIG Lays Off About 33% of Staff,"Uniswap leads way as most big cryptocurrencies post dropsMarketWatch
Story DAO Co-Creator: Crypto Winter 'Creates Opportunity'CoinDesk"
InvestorPlace,6 days ago,3 Under-the-Radar Cryptos With 100% Upside Potential,"Since June, most major cryptocurrencies have been stable, at least compared to last year when the market soared to a new high. Of course, investors cannot expect the same returns this year with quantitative tightening occurring. Since the economy is performing poorly, cryptocurrencies have also entered a bear market. For example, both Bitcoin (BTC-USD) and Ethereum (ETH-USD) are down more than 70% from their peaks. But if you are looking for multibagger gains and are willing to take risks, I bel"
Business Insider,6 days ago,US stocks soar over 2% after September's higher than expected inflation report sparks wild turnaround,"The Dow Jones Industrial Average saw an intraday swing of more than 1,500 points during Thursday's wild trading session."
Yahoo Finance Video,6 days ago,Crypto: Bitcoin ticks up amid September CPI print,Yahoo Finance Live’s Rochelle Akuffo discusses bitcoin ticking up as inflation increased 0.4% in September.
Yahoo Finance Video,6 days ago,"Bitcoin: We’ve been ‘waiting’ for this price action, analyst says","‘I finally found my tribe’: Inside Latin America’s booming crypto testing groundFortune
Uniswap leads way as most big cryptocurrencies post dropsMarketWatch"
Business Insider,6 days ago,US stocks stage big reversal to jump 2% after September inflation hits highest level since 1982,"""In one line: Awful,"" Panthenon Macro's chief economist Ian Shepherdson said of September's hot CPI report."
Forkast News,6 days ago,Bitcoin drops 3% as U.S. inflation rises 0.4% in September,"Bitcoin dropped 3% after the U.S. Bureau of Labor Statistics (BLS) reported that the consumer price index (CPI), a key inflation indicator, rose 0.4% in September from August. See related article: Fed’s inflation fight batters crypto market as pressure mounts Fast facts The largest cryptocurrency by market capitalization traded at US$18,432 at 10:30 p.m. Hong […]"
CoinDesk,6 days ago,Bitcoin Sinks After US CPI Report Shows Inflation Hotter Than Expected,"The ""core"" Consumer Price Index, seen as a more steady indicator of inflation, rose 6.6% from a year prior – a four-decade high."
Business Insider,6 days ago,Here's how to play the bear market - and when to know it's safe buy again,"Investors shouldn't get bullish on the stock market until three things happen, Bank of America says."
CoinDesk,6 days ago,Crypto Mining Firm BitNile to Start Bitcoin-Based Marketplace Next Year,Bitcoin mining firm BitNile (NILE) plans to set up a bitcoin-based marketplace in the first half of next year to reduce the complexity of transacting in bitcoin.
Forkast News,7 days ago,"Markets: Bitcoin, Ether prices rise; BNB little changed following BSC hard fork","Bitcoin gained in Thursday morning trading in Asia, with the world’s largest cryptocurrency holding above support at US$19,000. Ether, second on the list of top 10 cryptocurrencies by market capitalization, excluding stablecoins, also gained. Other coins on the top 10 moving higher included Solana, XRP and Tron. Cardano fell. See related article: Binance to hard […]"
CoinDesk,7 days ago,Market Wrap: Bitcoin Trades Higher Amid Muted Expectations for Next Inflation Reading,Thursday’s Consumer Price Index is widely expected to show inflation still above 8%. Market Wrap is CoinDesk’s daily newsletter diving into what happened in today's crypto markets.
CoinDesk,7 days ago,US Senator Warren Leads Congressional Group's Probe Into Bitcoin Mining Energy Use in Texas,Seven Democrats are asking Texas grid operator how bitcoin mining is impacting the state.
Business Insider,7 days ago,72 members of Congress have violated a law designed to prevent insider trading and stop conflicts-of-interest,Insider has identified numerous members of Congress who have violated the STOCK Act. Congress is now considering banning lawmakers from trading stocks.
InvestorPlace,7 days ago,5 Cryptos to Sell Now Before They Crash,"There’s a time to buy high-flying momentum-driven cryptocurrencies, but right now, you should be looking at which cryptos to sell. During the bull market, nearly any investor who threw money at any digital currency saw outsized returns. However, today, most investors are focused on putting together a list of cryptos to sell. After all, we’re in the midst of a bear market in crypto assets. And this bear market could get much worse.InvestorPlace - Stock Market News, Stock Advice & Trading Tips Thi"
Business Insider,7 days ago,How the wealthy use life insurance to escape estate tax and why the tactic is now attracting scrutiny,Private placement life insurance can allow the rich to pass down assets to their children without incurring estate tax. Now a senator is investigating.
Forkast News,8 days ago,"BNY Mellon, largest custodian bank, starts Bitcoin, Ether custody services","Bank of New York Mellon Corp., a 238-year-old bank based in the U.S., is now allowing select U.S. clients to hold and transfer Bitcoin and Ether, the bank announced in a press release on Tuesday. See related article: Crypto self-custody is no longer a choice. It’s an imperative. Fast facts BNY Mellon will store private […]"
Forkast News,8 days ago,Markets: Bitcoin price falls with Ether. Doge sole gainer in top 10 cryptocurrencies,"Bitcoin fell but held above US$19,000 in Wednesday morning trading in Asia as the world’s leading cryptocurrency continued its month-long dalliance with that support level. Excluding stablecoins, most of the top ten cryptocurrencies by market capitalization fell, led by Solana. Dogecoin was the only token on the list to gain ground. See related article: BNB […]"
CoinDesk,8 days ago,"In SEC Lawsuit, Grayscale Calls Spot ETF Rejection ‘Arbitrary, Capricious, and Discriminatory’","Grayscale Investments called the the U S. Securities and Exchange Commission's (SEC) June decision to reject its application to convert its flagship Grayscale Bitcoin Trust (GBTC) into a spot bitcoin exchange traded fund (ETF) “arbitrary, capricious, and discriminatory"" in an opening legal brief filed as part of its lawsuit against the regulator."
Business Insider,8 days ago,US stocks trade mixed as investors struggle to regain momentum ahead of earnings deluge and inflation data,"Stocks could see another 5% sell-off Thursday if September inflation clocks in above 8.3%, JP Morgan warned in a note on Tuesday."
CoinDesk,8 days ago,South African Non-Profit Bitcoin Ekasi Opens Education Center,"The center will educate residents in Mossel Bay on bitcoin, finances and other subjects."
InvestorPlace,8 days ago,3 Cheap Altcoins to Buy If You’re Looking for Penny Cryptos,"The once-$3-trillion crypto market has been cut down tremendously. Now it’s worth around $920 billion, and altcoins (or tokens other than Bitcoin (BTC-USD) and Ethereum (ETH-USD) account for about 50% of its total value now. As a result, crypto has become a market for bargain hunters. So the search for cheap altcoins is on, as many previous high-flyers have lost a great deal of their value. Crypto is likely here to stay for the long-term. However, with over 90% of cryptos likely to fail, identif"
CoinDesk,8 days ago,Bitcoin: Breaking Up Money and State,"Bitcoin will gradually force the government to give up its control over money, says Sazmining's Will Szamosszegi."
CoinDesk,8 days ago,WisdomTree’s Spot Bitcoin ETF Rejected by the SEC,WisdomTree had refiled for a spot bitcoin ETF after previously being denied.
MarketWatch,8 days ago,Treasury announces settlements of $24 million and $29 million with virtual currency exchange Bittrex over violations,MARKET PULSE The U.S. Treasury Department’s Office of Foreign Assets Control (OFAC) and Financial Crimes Enforcement Network (FinCEN) on Tuesday announced a $24.3 million settlement and $29.3 million settlement with Bittrex Inc.
CoinDesk,8 days ago,River Financial Offers Payment Gateway for Bitcoin’s Multi-Asset Upgrade,"The River Lightning Services solution wants to help developers utilize Taro, the Lightning Network upgrade bringing stablecoins and other assets to Bitcoin"
Yahoo Finance Video,8 days ago,Crypto winter ‘could last longer than people think’: Mike Novogratz,"Galaxy Digital Founder & CEO Mike Novogratz joins Yahoo Finance Live to discuss what a Fed pivot would mean for bitcoin, crypto regulation, U.S. inflation, crypto sustainability, and the outlook for assets in a bear market."
Business Insider,8 days ago,US stocks slip as bond yields edge higher and investors prepare to sift through corporate earnings,Warnings from Wall Street over a coming recession have been growing louder. The big banks will kick off earnings season later this week.
CoinDesk,8 days ago,Blockfusion's Crypto Mine in Niagara Falls Shut Down Due to Zoning Ordinances,"As soon as the city's moratorium on the industry was lifted, Blockfusion was ordered to shut down over zoning issues."
CoinDesk,8 days ago,First Mover Americas: Once-Bouncing Bitcoin Now Just Rolls Like Ball,"The latest price moves in bitcoin (BTC) and crypto markets in context for Oct. 11, 2022. First Mover is CoinDesk’s daily newsletter that contextualizes the latest actions in the crypto markets."
CoinDesk,8 days ago,"Block Subsidiary Spiral, Mining Tech Firm Braiins Spearhead Push for Bitcoin Mining Upgrades","The firms are pushing for the adoption of Stratum V2, which promises to increase the bitcoin network's censorship resistance and decentralization."
Forkast News,9 days ago,Bitcoin mining difficulty hits new high after Ethereum ‘Merge’ makes space,"Bitcoin mining difficulty climbed to a record high on Monday, a large part of which is attributed to Ethereum’s “Merge” upgrade freeing up more room for Bitcoin miners, according to Bloomberg. See related article: Brazil police bust crypto group led by ‘Bitcoin Sheikh’ Fast facts Bitcoin mining difficulty, a measure of the amount of work […]"
Forkast News,9 days ago,"Markets: Bitcoin price slides, Ether drops with rest of crypto top 10, XRP leads losses","Bitcoin and Ether fell along with all other top ten cryptocurrencies by market capitalization in Tuesday morning trading in Asia, with the world’s largest cryptocurrency barely holding at the support line of US$19,000, a mark it has fluctuated around for much of the past month. See related article: Markets: Bitcoin rises but remains below US$20,000; […]"
Business Insider,9 days ago,US stocks fall as investors prepare for an earnings deluge amid worries about rates and recession,Chip stocks were among Monday's decliners after the Biden administration ramped up curbs on semiconductor sales to China.
CoinDesk,9 days ago,Bitcoin and Ether Fall Slightly as Macro Clouds Loom Over Market,"The market downturn is likely influenced by some de-risking ahead of Thursday's release of Consumer Price Index inflation, one crypto analyst says."
Business Insider,9 days ago,Billionaire hedge fund manager Paul Tudor Jones says a 'recession playbook' would see stocks fall by another 10%,"""We're probably getting ready to go through the recession playbook,"" the founder of Tudor Investments told CNBC about markets."
Business Insider,9 days ago,US stocks rise as investors gear up to assess corporate earnings and inflation data,Third quarter earnings season will pick up pace this week with investment banks including Goldman Sachs set to deliver financial results.
Business Insider,9 days ago,Friday's jobs report signaled the labor market is still hot — probably too hot for the Fed — and that means stocks could be headed for new 2022 lows this month.,"US stocks could find a new bottom for the year this month as September's jobs report bolsters Fed hawkishness, BofA analysts say."
Forkast News,10 days ago,"Markets: Bitcoin rises but remains below US$20,000; Ether gains, XRP leads crypto top 10","Bitcoin has gained slightly but was still trading below US$20,000 on Monday morning in Asia, having fallen below that support line late last week after fluctuating around that level for most of the past month. Ether and the rest of the crypto top 10 by market capitalization also rose slightly, with XRP seeing by far […]"
Business Insider,12 days ago,Nasdaq plunges nearly 4% as US stocks sell off after strong jobs report solidifies outlook for another big rate hike,"""Today's job report indicates the job market keeps chugging along - and the Fed has more work to do,"" CIBC's David Donabedian told Insider."
CoinDesk,12 days ago,"LFG Slow-Walks Plan to Repay Small-Time Terra Holders, Citing Legal Threats","Luna Foundation Guard previously promised to repay ""small"" holders of the UST stablecoin with its remaining reserves."
Yahoo Finance Video,12 days ago,"U.S. dollar rises, bitcoin sinks, Tesla and Amazon stocks under pressure",Yahoo Finance's Ines Ferre joins the Live show to break down how stocks are moving in midday trading.
Business Insider,12 days ago,US stocks tumble after another strong jobs report bolsters Fed's hawkish position,"The US economy added 263,000 jobs in September, ahead of consensus expectations for 255,000 in new jobs added, and the unemployment rate fell to 3.5%."
Forkast News,13 days ago,"Markets: Bitcoin dips; BNB drops on chain glitch; Ether, XRP little changed","Bitcoin dipped under the US$20,000 support line in Friday morning trading in Asia, a price it has repeatedly fluctuated around for several weeks. Ether, the second largest token by market capitalization, was little changed and up about 2% on the week. Most other coins in CoinMarketCap’s top 10 by market capitalization were flat to lower. […]"
Business Insider,13 days ago,US stocks slip as bond yields edge higher and investors brace for key September jobs report,"Investors are bracing for Friday's jobs report, which will be a key indicator for the Fed on its next policy move."
Yahoo Finance Video,13 days ago,"Crypto: Bitcoin hovers above $20,000 ahead of jobs report",Yahoo Finance's David Hollerith breaks down how bitcoin is trading and the short-term outlook for cryptocurrencies.
Business Insider,13 days ago,US stocks trade mixed as jobless claims edge higher and bond yields tick up,"US stocks were mixed on Thursday, as investors tried to regain momentum after a blistering rally earlier in the week."
CoinDesk,13 days ago,"First Mover Americas: Bitcoin Stays Close to $20K, Sushi's Token Surges 14%","The latest price moves in bitcoin (BTC) and crypto markets in context for Oct. 6, 2022. First Mover is CoinDesk’s daily newsletter that contextualizes the latest actions in the crypto markets."
CoinDesk,13 days ago,Grayscale’s New Venture Aims to Capture Bear Market Opportunities in Bitcoin Mining,Foundry will manage the day-to-day operations of Grayscale’s new co-investment vehicle.
Business Insider,13 days ago,Everything you want to know as OPEC+ agrees to cut oil production,Oil prices turned higher Wednesday after OPEC and its allies agreed to slash daily oil production. Here's everything you want to know
Forkast News,13 days ago,"Aussie laundered stolen retirement funds via Hong Kong using crypto, diamonds","A woman in Melbourne, Australia pleaded guilty on Wednesday to her role in stealing millions of dollars from superannuation (retirement) funds and stock portfolios before laundering the proceeds via Hong Kong through the purchase of cryptocurrency and diamonds, as reported by The Age newspaper. See related article: Australian superannuation and institutions await clarity to invest […]"
Forkast News,14 days ago,"Markets: Bitcoin dips but holds above US$20,000, Ether falls, XRP only gainer in top 10","Bitcoin fell in Thursday morning trading in Asia but held above the US$20,000 support line. Ether also lost ground. XRP was the only token in the cryptocurrency top 10 by market capitalization to gain. See related article: Is crypto money? A South Korean court says no Fast facts Bitcoin fell 0.9% in the past 24 […]"
Business Insider,14 days ago,US stocks close lower after volatile late swings to snap massive 2-day rally.,"Stocks sagged for much of the session, then darted into positive territory near the end of the day, only to reverse those gains by the close."
CoinDesk,14 days ago,"Interest Surges in Bitcoin Speculation, But It Might Be Bearish",A new record has been reached in the trading of a key speculative tool in cryptocurrency markets: the bitcoin perpetual swap.
Business Insider,14 days ago,US stocks fall after biggest 2-day rally since 2020 as investors assess Fed path and new payroll data,The S&P 500 was pulling back from its gain of nearly 6% over the past two sessions. Treasury yields were moving higher after declines fed the rally.
CoinDesk,14 days ago,Middle East/North Africa Was Fastest-Growing Crypto Market Over Past 12 Months: Chainalysis,"The Middle East and North Africa (MENA) was the fast growing market for crypto adoption the 12-month period to June 2022, according to blockchain analytics firm Chainalysis."
Business Insider,14 days ago,Kim Kardashian will pay $1.26 million in a crypto-related fine to the SEC. Here are other high-profile celebrities who have backed recent crypto ventures.,Kardashian settled charges for promoting a crypto asset on Instagram. See other celebs who have publicly touted crypto like Tom Brady and Larry David.
Forkast News,14 days ago,Markets: Bitcoin holds above US$20K; Dogecoin gains 7.37%; Hang Seng Index jumps 6% in Hong Kong,"Bitcoin and Ether prices rose in Wednesday evening trading in Hong Kong amid widespread gains among the top 10 cryptocurrencies by market capitalization, with Cardano being the sole loser. In equity markets, Hong Kong’s Hang Seng Index rebounded from Monday’s record lows to jump 5.81%. See related articles: Markets: Bitcoin rises above US$20,000, gaining with […]"
Forkast News,15 days ago,"Markets: Bitcoin rises above US$20,000, gaining with Ether and rest of crypto top 10 as U.S. equities surge","Bitcoin was trading above US$20,000 in Wednesday morning trading in Asia after struggling to break that resistance level for much of the past three weeks. The world’s largest cryptocurrency rose along with Ether and the rest of the crypto top 10 by market capitalization, with Dogecoin posting the most significant gains. See related article: Markets: […]"
Yahoo Finance Video,15 days ago,Crypto: SEC regulators are leading ‘a turf battle’ against operators,TIME National Political Correspondent Molly Ball joins Yahoo Finance Live to discuss the ongoing tensions between the Securities & Exchanges Commission (SEC) and cryptocurrency regulators.
Yahoo Finance Video,15 days ago,Mastercard implements risk-rating tool to deter crypto fraud activity,Yahoo Finance reporter David Hollerith joins the Live show to break down Mastercard's new tool for fending off crypto fraud.
Business Insider,15 days ago,'Dr. Doom' economist Nouriel Roubini slams crypto as a massive fraud - and blasts Kim Kardashian for promoting coins,"Roubini declared that manure is more precious than some of the most ridiculous coins, as he believes they're worth less than nothing."
Business Insider,15 days ago,Cathie Wood's Ark Invest bought the dip in Tesla after sell-off sparked by disappointing delivery figures,"Wood's fund bought over 132,000 Tesla shares after the electric carmaker fell 9% Monday, according to Bloomberg data."
CoinDesk,15 days ago,Asset Management Giant Fidelity Adds to Crypto Offerings With Ethereum Index Fund,The fund has raised about $5 million since sales opened in late September
Yahoo Finance Video,15 days ago,Bitcoin correlation with gold hits highest level in over a year,Yahoo Finance’s David Hollerith joins the Live show to discuss bitcoin's correlation with assets such as gold and stocks.
Business Insider,15 days ago,US stocks extend rally amid investor hopes that central banks are nearly done hiking interest rates,US stocks were higher Tuesday. Investors saw Australia's smaller than expected rate hike as good news for global central banks.
Forkast News,15 days ago,"Markets: Bitcoin price holds above US$19,000; Ether rises, XRP biggest gainer","Bitcoin continued trading above US$19,000 in Tuesday afternoon trading in Asia, rising above US$20,000 before declining. Ether and most of the other top 10 coins by market capitalization gained. See related article: Markets: Bitcoin price rises above US$19,000, Ether and rest of crypto top 10 gain Fast facts Bitcoin rose 3.85% in the past 24 […]"
Forkast News,16 days ago,"Markets: Bitcoin price rises above US$19,000, Ether and rest of crypto top 10 gain","Bitcoin rose above US$19,000 in Tuesday morning trading in Asia, with Ether and the rest of the top 10 cryptocurrencies by market capitalization gaining. The moves reflected strong gains in U.S. equity indexes on Monday after rounding out September with significant losses. See related article: Markets: Bitcoin price falls below US$19,000, XRP down, BNB only […]"
Yahoo Finance Video,16 days ago,Kim Kardashian agrees to pay over $1 million in SEC charges for crypto promotion,"The SEC has charged reality star Kim Kardashian for unlawful crypto promotion, slapping her with a heavy fine that she has agreed to pay."
Business Insider,16 days ago,Dow soars 764 points to kick off October as US stocks surge on slide in US dollar and lower bond yields,The 10-Year US Treasury yield fell as much as 25 basis points to 3.58% after hitting a multi-year high of 4.01% last week.
MarketWatch,16 days ago,Biden regulators cheer on crypto crackdown,The Biden administration laid out its most comprehensive analysis of the risks posed by cryptocurrency to financial stability in a new report Monday.
Business Insider,16 days ago,"If you bought EMAX crypto tokens when Kim Kardashian promoted them on Instagram, you'd have lost over 95% of your money by now",Kardashian promoted the crypto token on her Instagram story in June 2021 in a post that's now landed her in hot water with the SEC.
Business Insider,16 days ago,'Rich Dad Poor Dad' author Robert Kiyosaki says the 'everything crash' is underway - and trumpets it as a rare chance to make a fortune,"The personal-finance guru sees a sweeping collapse in asset prices wiping out millions of people's fortunes, but allowing thousands to become wealthy."
Business Insider,16 days ago,"Pro-Russian groups raised nearly $400,000 in cryptocurrency to fund Moscow's war with Ukraine and evade US sanctions, report says",The groups used Telegram to raise funds in cryptocurrencies to purchase equipment like drones and radios for the Russian military.
CoinDesk,16 days ago,Bitcoin Miner Merkle Increases Hashrate by 900% in 8 Months,The miner currently has 140 megawatts of total computing power in its two facilities.
Yahoo Finance Video,16 days ago,"Markets: U.S. dollar, bitcoin picked up in Q3 as oil slipped",Yahoo Finance Live anchors discuss third-quarter market performance.
Business Insider,16 days ago,US stocks rise and bond yields drop after the UK government walks back part of its tax cut plan,UK finance minister Kwasi Kwarteng confirmed reports that the newly installed government would abandon its planned tax cuts for the rich.
Forkast News,16 days ago,Bitcoin miner reserves hit lowest level since Feb 2010,"Bitcoin miner reserves are at their lowest level since February 2010, showing miners offloading their holdings, according to data from IntoTheBlock. See related article: Bitcoin mining difficulty drops 2% after reaching all-time high in last adjustment Fast facts There were 1,908,672 BTC in miners’ reserves on Friday, down from 2,030,434 BTC at the end of […]"
CoinDesk,16 days ago,Bitcoin Investment Firm NYDIG's CEO Robert Gutmann Departs,"Bitcoin investment company NYDIG has promoted executives Tejas Shah and Nate Conrad to be its new CEO and president, respectively."
Forkast News,17 days ago,"Markets: Bitcoin price falls below US$19,000, XRP down, BNB only gainer in crypto top 10","Bitcoin was back under US$19,000 in Monday morning trading in Asia, a level it has fluctuated around for most of the past two weeks, boxed in by global macroeconomic concerns that have also hit equity markets. Ether also fell. BNB was the only gainer among the top 10 cryptocurrencies by market capitalization. See related article: […]"
Yahoo Finance Video,19 days ago,"Crypto: Declining comfort levels are 'testament to belief' in short-term trading, analyst says",Bankrate.com Analyst James Royal joins Yahoo Finance Live to explain why millennials are less interested in crypto and why just 21% of adults are comfortable investing in crypto overall.
CoinDesk,19 days ago,Deglobalization Is Happening. Crypto Is Part of the Answer,The war in Ukraine and ecological catastrophe highlight the need for an open - and stateless - global financial infrastructure.
Yahoo Finance Video,19 days ago,Crypto holds steady in volatile 3rd quarter,"Yahoo Finance’s David Hollerith joins the Live show to discuss crypto's third-quarter performance, bitcoin gains, volatility, transaction volumes, and the outlook for crypto markets."
Business Insider,19 days ago,US stocks slip after consumer spending data as markets head for the end of brutal September,"For the month, the S&P 500 and Dow Jones Industrial Average are down more than 7%, while the Nasdaq has lost more than 9%."
CoinDesk,19 days ago,"Banks’ Crypto Asset Holdings May Be Just 0.01% of Total Risk Exposure, Basel Study Finds",The first survey of its kind may influence crucial global standards on bank capital for crypto.
Forkast News,19 days ago,"Markets: Bitcoin, Ether rise; XRP surges following court ruling vs. SEC; gains across top 10 crypto","Bitcoin and Ether rallied in late afternoon trading in Asia to rise over 1% as all top 10 cryptocurrencies by market capitalization gained. See related article: Markets: XRP jumps amid court ruling against SEC, Bitcoin gains, Ether sole loser in crypto top 10 Fast facts Bitcoin rose 1.35% to trade at US$19,569 at 4 p.m. […]"
CoinDesk,19 days ago,Bitcoin's Bullish Seasonality Muddled by Continued Slide in 'USD Liquidity Index',"Bitcoin has put in a positive performance in October in eight out of the past 12 years. However, the bullish seasonality may not play out this year, thanks to the declining USD liquidity."
Forkast News,20 days ago,"Markets: XRP jumps amid court ruling against SEC, Bitcoin gains, Ether sole loser in crypto top 10","Bitcoin edged higher to remain above US$19,000 in early Friday morning trading in Asia, after fluctuating around that resistance level all week. Ether dipped, while XRP led the gainers among the cryptocurrency top 10 by market capitalization. See related article: Markets: Bitcoin, Ether rise; BNB leads gainers in top 10 crypto, followed by Solana Fast […]"
Business Insider,20 days ago,S&P 500 closes at new low for 2022 and Dow falls 458 points as sell-off resumes on recession fears,"Stocks bounced from the steepest losses of the day, but ended deep in the red as volatility gripped markets again after Wednesday's relief rally."
Business Insider,20 days ago,Michael Saylor says UK turmoil is a signal to 'opt out' and embrace bitcoin as policymakers scramble to avert disaster in global markets,"""The 'crisis' the central bankers are trying to avert is the free functioning of markets delivering fair interest rates,"" Saylor wrote on Twitter."
CoinDesk,20 days ago,"Surging Bitcoin-Sterling Trading Volume Points to Hedging Demand for Crypto, or Does It?",There's a debate over whether rising BTC/GBP trading volume represents hedging demand for the cryptocurrency or speculative interest.
Forkast News,20 days ago,Bitcoin mining difficulty drops 2% after reaching all-time high in last adjustment,"Bitcoin mining difficulty dropped 2.14% on Wednesday, after reaching an all-time high in the previous adjustment on Sept. 14, according to data from BTC.com. See related article: Bitdeer leads US$250 mln fund to acquire assets from distressed miners: report Fast facts The mining difficulty reading, which marked the first decline in about two months, was […]"
Forkast News,20 days ago,"Bitcoin ‘might double in price’ under CFTC regulation, its chairman says","Commodity Futures Trading Commission (CFTC) chairman Rostin Behnam said Thursday the crypto industry has “a massive opportunity for institutional inflows that will only occur if there’s a regulatory structure,” pushing for his office to lead the effort. See related article: Crypto community pushes back following CFTC charges against Ooki DAO Fast facts “Growth might occur […]"
Forkast News,21 days ago,"Markets: Bitcoin, Ether rise; BNB leads gainers in top 10 crypto, followed by Solana","Bitcoin recovered above US$19,000 in early Thursday morning trading in Asia, after fluctuating around that resistance level for the past week. Ether also moved higher, while BNB led the gains in the cryptocurrency top 10 by market capitalization, all of which rose. See related article: Markets: Bitcoin price back under US$20,000, Ether little changed, XRP […]"
CoinDesk,21 days ago,Is Bitcoin an Inflation Hedge? Investors Are Still Unsure,"BTC regained above the $19,000 level Wednesday after the Bank of England’s announcement earlier in the day to buy bonds."
Business Insider,21 days ago,Dow jumps 548 points as the Bank of England's intervention calms market panic over the UK's budget plans,US and UK bond yields dropped after the Bank of England said it will buy £65 billion pounds ($71 billion) worth of UK debt.
CoinDesk,21 days ago,Circle to Roll Out Free Crypto Literacy Program to HBCUs,Students who perform well will get a leg up to apply for Circle internships and employment.
CoinDesk,21 days ago,Lightning Labs Releases Software to Allow Bitcoin Developers to Mint and Transfer Assets on the Blockchain,The alpha version of Taro will make it possible to create peer-to-peer Bitcoin and Lightning-native stablecoins.
Business Insider,21 days ago,Crypto miners turn to infrastructure consultancies like Sabre56 to help them avoid costly mistakes,"Crypto mining is energy intensive and pricey, and some who invest in these operations do so without expert advice. Consultancies like Sabre56 say they can help avoid costly mistakes."
CoinDesk,21 days ago,Why Is the Dollar Crushing Global Currencies if Inflation Is so Bad?,"Controversial financial decisions by new U.K. Prime Minister Liz Truss have driven the British pound down even more sharply in recent days, for a cumulative 18% drop since April. You might argue the tail has wagged the dog on crypto’s understanding of inflation: Bitcoin’s fixed supply has been aggressively marketed as a long-term inflation hedge, leading to an emphasis on so-called monetary inflation. Monetary inflation occurs when more monetary units compete for the same amount of real-world goods, driving prices up."
Business Insider,21 days ago,US stocks trade mixed as investors assess Bank of England bond-market move and eye weaker Apple demand,Apple stock was under pressure following a Bloomberg report it's halting plans to increase iPhone 14 production.
CoinDesk,21 days ago,Bitcoin Off Lows as Bank of England's Bond Market Intervention Raises Hopes for Fed Pivot,The Fed pivot talk gathers steam after BOE's bond market intervention.
Yahoo Finance UK,21 days ago,Crypto selloff wipes out $50bn overnight as bitcoin and ethereum plunge,The cryptocurrency market cap lost nearly $50bn in a dramatic downturn after an early week rally against global currencies such as the pound and euro.
CoinDesk,22 days ago,Ethereum Merge Vaults Cryptocurrency Past Bitcoin in Hard-Money Allure,"Ether’s drastic reduction in the net inflation rate is attributed to the elimination of mining rewards and the “burning” of transaction fees, experts said."
Forkast News,22 days ago,"Markets: Bitcoin price back under US$20,000, Ether little changed, XRP falls, Uniswap gains","Bitcoin traded back in the US$19,000 range on Wednesday morning in Asia after breaching US$20,000 the previous day in a broader market surge. Ether was little changed, while Solana, Cardano and XRP on the list of top 10 by market capitalization lost ground. See related article: Markets: Bitcoin price rises above US$20,000, XRP rebounds, Ether […]"
Business Insider,22 days ago,US stocks mixed with S&P 500 hitting a new low in 2022 as Fed officials defend hawkish policy,"Minneapolis Fed President Neel Kashkari said at a Wall Street Journal event that the central bank's current rate hikes are ""appropriate."""
Yahoo Finance Video,22 days ago,Bitcoin rises in value as U.S. dollar pauses,Yahoo Finance's Jared Blikre breaks down the latest moves in the markets as bitcoin and cryptocurrencies advance.
CoinDesk,22 days ago,Bitmain Founder Jihan Wu Setting Up $250M Fund to Buy Distressed Bitcoin Mining Assets: Report,"Jihan Wu, crypto billionaire and founder of bitcoin miner maker Bitmain, is setting up a $250 million fund to purchase distressed assets from mining firms, Bloomberg reported Tuesday."
Business Insider,22 days ago,US stocks jump as British pound shows signs of stabilizing and Treasury yields ease,"The major US stock indices, including the Dow Jones and S&P 500, are on track to break a five-day losing streak if stocks close higher on Tuesday."
CoinDesk,22 days ago,US Fed Chair Powell Urges Caution on Regulating DeFi,Some policymakers are keen to press new rules on the decentralized finance sector following the collapse of Do Kwon's terraUSD stablecoin.
CoinDesk,22 days ago,S. Korean Authorities Look to Freeze $67M Bitcoin Tied to Terra's Do Kwon,Interpol has issued a Red Notice for Kwon's provisional arrest pending extradition as a worldwide search for the Terraform Labs co-founder continues.
Business Insider,22 days ago,The British pound is cratering against the dollar. Here's everything you want to know.,"The outlook for the UK economy is under the microscope amid a new tax plan and inflation, and the sterling tumbled to a record-low against the dollar."
Forkast News,22 days ago,"Markets: Bitcoin price rises above US$20,000, XRP rebounds, Ether rallies","Bitcoin rallied above US$20,000 in Tuesday afternoon trading in Asia, along with almost all the top 10 coins by market capitalization. XRP rebounded from losses in the morning. See related article: Markets: Bitcoin price back above US$19,000; Ether, Polkadot gain; XRP leads losers Fast facts Bitcoin rose 6.94% in the past 24 hours to trade […]"
CoinDesk,22 days ago,"Bitcoin Mining's Sustainable Electricity Mix May Be Declining, Says Cambridge University Research Organization",Cambridge University's Centre for Alternative Finance's (CCAF) latest research into bitcoin mining suggests the mix of sustainable electricity used is in decline.
Yahoo Finance Video,23 days ago,Crypto markets on track to outperform the S&P 500 in Q3 2022,Yahoo Finance reporter Dave Hollerith details how crypto markets are set to outdo the S&P 500 in Q3 this year and what's driving it.
Business Insider,23 days ago,Billionaire investor John Paulson warns US house prices could tumble - and touts gold as an inflation hedge,"Paulson, whose fund made $15 billion shorting the mid-2000s housing bubble, said current home prices might be a ""little frothy."""
Yahoo Finance Video,23 days ago,"Stocks open mixed as pound falls, bitcoin rises above $19,000",Yahoo Finance’s Ines Ferre joins the Live show to break down how stocks are moving in early trading.
CoinDesk,23 days ago,Best Universities for Blockchain 2022: Boston University,A blockchain project to support African farmers is one of the highlights of the blockchain research projects at the No. 49-ranked school. This story is part of CoinDesk's Education Week.
CoinDesk,23 days ago,ECB Exploring Distributed Ledger Technology for Interbank Settlements: Panetta,"A solution that builds on existing interbank settlement infrastructure, instead of one based entirely on DLT, can be implemented ""more rapidly"" according to ECB executive board member Fabio Panetta."
Business Insider,23 days ago,"The bond market is in the middle of its worst decline since 1949. It's set to unravel some very popular trades, BofA says.","The worst bond market decline since 1949 will rattle stocks as surging interest rates unwind the most crowded stock trades, BofA wrote in a research note."
Forkast News,23 days ago,"Markets: XRP reverses gains, Bitcoin stuck under US$19,000, Ether trades lower","Bitcoin remained stuck below a US$19,000 ceiling in Monday afternoon trading in Asia as concern about inflation and rising interest rates prompted selling across most asset classes. XRP slipped but remained well ahead for the week. Ether and all the other top 10 coins by market capitalization lost ground, with Solana logging the largest fall. […]"
Forkast News,24 days ago,"Markets: Bitcoin price falls below US$19,000, ETH down, XRP continues to rise","Bitcoin traded below the US$19,000 mark in early Monday trading in Asia after fluctuating around the resistance level all week. Ethereum and most other tokens in the cryptocurrency top 10 by market capitalization lost ground. XRP once again defied broader market forces and was up on the day. See related article: Markets: XRP soars 23%, […]"
Yahoo Finance,25 days ago,Crypto bankruptcies could put some customers at the 'bottom of the totem pole',"For the first time in the short life of cryptocurrency, major crypto platforms have turned to US bankruptcy law to salvage their insolvent businesses. Now it's largely up to bankruptcy courts to determine how to divvy up customers' frozen crypto assets."
Business Insider,25 days ago,"Crypto parties are still raging in the bear market. Here's what it's like at Mainnet, where tickets cost $2,100 and attendees network on yachts.","Insider's Phil Rosen was on the ground at Mainnet in New York this week, where the party was still raging through the depths of crypto winter."
Yahoo Finance Video,26 days ago,"Cryptocurrency markets dive following comments from Fed Chair Powell, Jamie Dimon",Crypto markets are down sharply after Fed Chair Jerome Powell and JPMorgan CEO Jamie Dimon both voiced regulatory concerns earlier this week.
Business Insider,26 days ago,"How to build wealth from real estate investing, according to 9 couples and individuals who have done it",Insider compiled a list of stories about couples and individuals who have used real estate as a tool to build long-term wealth.
Business Insider,26 days ago,The Fed's rate hike was just the beginning as banks around the world adjust policy - but the uncertainty doesn't mean the market can't rally.,"One firm still expects a 17% stock rally before a recession hits in 2023, even as the Fed hammers stocks with its interest rate hikes."
Forkast News,26 days ago,"Markets: XRP soars 23%, Bitcoin holds above US$19,000, Ether gains","Bitcoin continued trading above US$19,000 in Friday afternoon trading in Asia. Ether rose along with most of the top 10 coins by market capitalization following the completion of the first phase of Cardano’s Vasil hard fork. XRP led gains with its price soaring over 20% in the past 24 hours. See related article: Markets: Cryptocurrencies […]"
Forkast News,27 days ago,"Markets: Cryptocurrencies up amid Cardano’s Vasil hard fork, XRP leads gains","Bitcoin bounced back above US$19,000 in Friday morning trading in Asia as Cardano announced a successful hard fork to their upgraded Vasil network. XRP led gains among the top 10 cryptocurrencies by market capitalization. See related article: Cryptocurrency lobby group gets court approval to weigh in on SEC vs Ripple’s XRP lawsuit Fast facts Bitcoin […]"
CoinDesk,27 days ago,Compute North Files for Bankruptcy as Crypto-Mining Host Owes up to $500M,The company earlier this year raised $385 million in fresh capital.
Business Insider,27 days ago,US stocks drop for a 3rd day as Treasury yields spike and recession fears grow after Fed rate hike,The Fed-policy-sensitive 2-year Treasury yield rose to 4.1% for a fresh 15-year high. The 10-year Treasury yield leapt 19 basis points to 3.7%.
CoinDesk,27 days ago,Celsius Network Might Be Planning to Turn Its Debt Into Crypto ‘IOU’ Tokens,Bankrupt crypto lender Celsius appears to be considering a plan to turn its debt into crypto “IOU” (“I Owe You”) tokens.
Yahoo Finance Video,27 days ago,Cryptocurrencies impacted by Fed’s rate hike decision,Yahoo Finance's Ines Ferré discusses the moves in cryptocurrencies following the Fed's policy decision and press conference.
Yahoo Finance Video,27 days ago,Bitcoin seesaws following Fed rate hike announcement,Yahoo Finance’s Ines Ferre joins the Live show to break down how cryptocurrencies reacted to the Fed policy decision.
Business Insider,27 days ago,"Bitcoin could return to $68,000 within 4 years and hit $500,000 in the next decade, MicroStrategy's Michael Saylor says","""The next logical stop for bitcoin bitcoin is to replace gold as a non-sovereign store of value asset,"" Michael Saylor told MarketWatch."
Business Insider,27 days ago,US stocks fall after steep sell-off as investors assess outlook for more aggressive rate hikes to come,The markets are absorbing the Fed's message of higher-for-longer interest rates.
Yahoo Finance Video,27 days ago,"JPMorgan CEO: Bitcoin, other cryptos are 'decentralized Ponzi schemes'","During his testimony to Congress on Wednesday, JPMorgan CEO Jamie Dimon criticized cryptocurrencies like bitcoin, comparing them to Ponzi schemes."
Business Insider,27 days ago,Staffers say Goldman Sachs CEO David Solomon has asked them to help with his DJ account,Insiders say they worry that Solomon is too focused on his vanity projects right now — especially as parts of the business like Marcus are struggling.
CoinDesk,27 days ago,"Bitcoin Steady as BOE Hikes Rates by 50 Basis Points, 'Reverse Currency Wars' Gain Steam",The ongoing race among central banks to lift rates and support their currencies to keep inflation under check indicates the path of least resistance for risk assets is to the downside.
Business Insider,27 days ago,JPMorgan CEO Jamie Dimon slammed crypto as dangerous - and called bitcoin a Ponzi scheme,"The billionaire banker argued that bitcoin and other speculative tokens don't do anything, and facilitate fraud, theft, and money laundering."
Business Insider,27 days ago,The Fed can save the stock market if a recession hits. Experts explain how far the central bank will go with rate hikes – and when it could reverse course.,Top Wall Street and Fed experts explain what the latest jumbo move means and what it would take for the central bank to stop raising interest rates.
Forkast News,27 days ago,"Markets: XRP bounces back, Bitcoin stuck under US$19,000, Ether loses more ground post-Merge","Bitcoin traded below US$19,000 Thursday afternoon in Asia after dropping below that resistance level earlier, following the U.S. Federal Reserve’s decision to raise interest rates by 75 basis points. Ether also fell. XRP was the biggest gainer among the 10 largest coins by market capitalization, while most other top 10 tokens were little changed. See […]"
CoinDesk,27 days ago,Estonia Grants First Crypto License to LastBit's Striga,The crypto banking company is first to jump over anti-money laundering hurdles which significantly toughen Estonia's legal regime.
Forkast News,28 days ago,"Markets: Bitcoin price falls below US$19,000, Ether slumps, XRP drops on lawsuit delay","Bitcoin fell below US$19,000 in Thursday morning trading in Asia after briefly moving above that resistance level overnight as investors digested the U.S. Federal Reserve decision to raise interest rates by 75 basis points, or in line with expectations. All the top 10 cryptocurrencies by market capitalization lost ground, with Ether the biggest loser. See […]"
Business Insider,28 days ago,"Here's what Ethereum's Merge means for investors who want to generate extra cash flow from crypto staking, according to 2 industry experts","The Ethereum Merge could potentially triple current staking rewards for investors, but the laws of supply and demand mean it may not be that simple."
Business Insider,28 days ago,Dow sinks more than 500 points in whiplash trading session after Fed raises interest rates by 75 basis points,"""There is a strong clustering within the dot-plots, showing all FOMC members are on board with this more hawkish narrative,"" ING Economics said."
Forkast News,28 days ago,Bitcoin recovers from steep drop after Fed hikes rates by 75 basis points,"Bitcoin, the largest cryptocurrency by market capitalization, rose more than 3% on Thursday to recover from a sharp drop to under US$19,000 after the Federal Open Market Committee said it would raise interest rates by 75 basis points, or in line with market expectations, to rein in inflation. See related article: Digital dollar takes another […]"
